{
  "seed": 8,
  "config": {
    "epochs": 30,
    "batch_size": 128,
    "learning_rate": 0.001,
    "weight_decay": 0.0001,
    "patience": 10,
    "ensemble_size": 10,
    "hidden_dim": 128,
    "dropout": 0.2,
    "label_smoothing": 0.0,
    "num_workers": 0,
    "seeds": [
      0,
      1,
      2,
      3,
      4,
      5,
      6,
      7,
      8,
      9
    ]
  },
  "train_loss": [
    0.6531263324618339,
    0.10153524957597256,
    0.04247608860954642,
    0.02188962052576244,
    0.009118052255362273,
    0.0070729662769008425,
    0.007788889234652743,
    0.0052773838274879385,
    0.008516524485312402,
    0.0064929239236516875,
    0.002298980072228005,
    0.0016368079703534021,
    0.0004574396823591087,
    0.0002169684069303912,
    0.00014408801685931395,
    0.0001988008680564235,
    0.00017188459809403867,
    0.00019293379766168072,
    0.00015938314638333395,
    0.00019993328125565314,
    0.00015215084349620155,
    0.0006360245798714459,
    0.04677604399388656,
    0.03797631036257371,
    0.014999261326156556,
    0.005738127514487133,
    0.0022142524654918815,
    0.010267398714495357,
    0.0024083425183198414,
    0.0005580541578819975
  ],
  "val_loss": [
    0.17130923899821937,
    0.11369547812500969,
    0.10096251085633412,
    0.054868211038410664,
    0.04248638611170463,
    0.10837555699981749,
    0.04014768463821383,
    0.05542606418021023,
    0.0637426471512299,
    0.055482853087596595,
    0.04925174389791209,
    0.04320961234043352,
    0.04973532854637597,
    0.03721791380667128,
    0.043680876289727166,
    0.04079810623079538,
    0.034665787636185996,
    0.031675094622187316,
    0.03234824875835329,
    0.030823568784398958,
    0.03356822012574412,
    0.08133769863343332,
    0.08440258505288512,
    0.07841755542904139,
    0.05332929780706763,
    0.03945535638194997,
    0.0534312434901949,
    0.06280906649772078,
    0.031564481992973015,
    0.03816675542475423
  ],
  "val_accuracy": [
    0.9503311258278145,
    0.9757174392935982,
    0.9746136865342163,
    0.9801324503311258,
    0.9823399558498896,
    0.9735099337748344,
    0.9834437086092715,
    0.977924944812362,
    0.9845474613686535,
    0.9823399558498896,
    0.9823399558498896,
    0.9878587196467992,
    0.9878587196467992,
    0.9867549668874173,
    0.9878587196467992,
    0.9856512141280354,
    0.9867549668874173,
    0.9878587196467992,
    0.9856512141280354,
    0.9845474613686535,
    0.9878587196467992,
    0.9823399558498896,
    0.9724061810154525,
    0.9790286975717439,
    0.9801324503311258,
    0.9845474613686535,
    0.9834437086092715,
    0.9856512141280354,
    0.9856512141280354,
    0.9878587196467992
  ]
}