{
  "seed": 9,
  "config": {
    "epochs": 30,
    "batch_size": 128,
    "learning_rate": 0.001,
    "weight_decay": 0.0001,
    "patience": 10,
    "ensemble_size": 10,
    "hidden_dim": 128,
    "dropout": 0.2,
    "label_smoothing": 0.0,
    "num_workers": 0,
    "seeds": [
      0,
      1,
      2,
      3,
      4,
      5,
      6,
      7,
      8,
      9
    ]
  },
  "train_loss": [
    0.8111260843276977,
    0.13333975352346897,
    0.06108251212164759,
    0.025685642659664155,
    0.022205977654084563,
    0.010445974934846163,
    0.007886388052720577,
    0.005255797014106065,
    0.003723861623730045,
    0.009725208028685301,
    0.008552729270304553,
    0.010787059796275571,
    0.001970046850365179,
    0.0016124260776268784,
    0.0004586998071317794,
    0.00027186196568436573,
    0.00015111749362404226,
    0.00038645022234049973,
    0.0002189749981607747,
    0.00021872159535632818,
    0.00020366291522805113,
    0.00019660247464344137,
    0.00020183340300718554
  ],
  "val_loss": [
    0.2733961066696793,
    0.14094063290394843,
    0.09910267387749627,
    0.11933153145946562,
    0.08039009128697217,
    0.06835110002430156,
    0.1045578584598843,
    0.08284860680578277,
    0.07700540276709944,
    0.09339928385452367,
    0.14172815693018492,
    0.07248833004268818,
    0.060189211271790555,
    0.07555143821082311,
    0.08294702123384923,
    0.07443540883105015,
    0.07583915786017315,
    0.07763182131748181,
    0.081168071290449,
    0.0742538650665665,
    0.0699024163732247,
    0.06980761760132737,
    0.07477005022155936
  ],
  "val_accuracy": [
    0.9392935982339956,
    0.9657836644591612,
    0.9679911699779249,
    0.9757174392935982,
    0.9801324503311258,
    0.9790286975717439,
    0.9724061810154525,
    0.9812362030905077,
    0.9790286975717439,
    0.977924944812362,
    0.9668874172185431,
    0.9790286975717439,
    0.9823399558498896,
    0.9834437086092715,
    0.9823399558498896,
    0.9845474613686535,
    0.9812362030905077,
    0.9801324503311258,
    0.9812362030905077,
    0.9845474613686535,
    0.9801324503311258,
    0.9823399558498896,
    0.9834437086092715
  ]
}