{
  "seeds": [
    0,
    1,
    2,
    3,
    4,
    5,
    6,
    7,
    8,
    9
  ],
  "temperatures": [
    1.813918113708496,
    1.658747673034668,
    1.077559471130371,
    1.7811474800109863,
    1.488913893699646,
    1.8882168531417847,
    1.9880774021148682,
    1.5585567951202393,
    1.700661063194275,
    1.4799760580062866
  ]
}