{
  "seed": 5,
  "config": {
    "epochs": 30,
    "batch_size": 128,
    "learning_rate": 0.001,
    "weight_decay": 0.0001,
    "patience": 10,
    "ensemble_size": 10,
    "hidden_dim": 128,
    "dropout": 0.2,
    "label_smoothing": 0.0,
    "num_workers": 0,
    "seeds": [
      0,
      1,
      2,
      3,
      4,
      5,
      6,
      7,
      8,
      9
    ]
  },
  "train_loss": [
    0.670869188606739,
    0.10110193245112896,
    0.042274148049764336,
    0.019168612957000734,
    0.008422836365643888,
    0.008092407687800006,
    0.007173267054604367,
    0.003722722450620495,
    0.012497941720066592,
    0.004478835111949592,
    0.0027512763877166435,
    0.002919729037384968,
    0.00048745760694146156,
    0.00019518013341439654,
    0.0001611523910833057,
    0.00016880043809578638,
    0.00015658648648241068,
    0.00014091415258008055,
    0.0001983017456223024,
    0.00014577159850887256,
    0.00020259966469893698,
    0.00021728161264036316,
    0.00019859772452036851,
    0.00026295754840248263,
    0.0005210509527387331,
    0.03116317338324734,
    0.021801901841536166,
    0.016952047544764356,
    0.024477019729092716
  ],
  "val_loss": [
    0.20041472790762782,
    0.09060788457281888,
    0.11153546621790156,
    0.04715490143280476,
    0.05432046788519074,
    0.06566587983979844,
    0.05501312034903094,
    0.05228879092464922,
    0.045143128489144146,
    0.03959026117809117,
    0.09764210349385394,
    0.04846137479762547,
    0.040925811477791285,
    0.041300149885501014,
    0.03729239355016034,
    0.038076359713159036,
    0.039516904042102396,
    0.035584517470852006,
    0.035110772183543304,
    0.03739271165977698,
    0.036910069538862444,
    0.041715712228324264,
    0.03609661188966129,
    0.03910500770143699,
    0.0471067914077139,
    0.0899845487656421,
    0.16225874275551178,
    0.12967788270907477,
    0.08113967204099026
  ],
  "val_accuracy": [
    0.9492273730684326,
    0.9757174392935982,
    0.9724061810154525,
    0.9845474613686535,
    0.9790286975717439,
    0.9845474613686535,
    0.9812362030905077,
    0.9812362030905077,
    0.9845474613686535,
    0.9834437086092715,
    0.9790286975717439,
    0.9823399558498896,
    0.9845474613686535,
    0.9856512141280354,
    0.9867549668874173,
    0.9845474613686535,
    0.9856512141280354,
    0.9856512141280354,
    0.9867549668874173,
    0.9867549668874173,
    0.9856512141280354,
    0.9878587196467992,
    0.9845474613686535,
    0.9867549668874173,
    0.9823399558498896,
    0.9690949227373068,
    0.9690949227373068,
    0.9701986754966887,
    0.9713024282560706
  ]
}