{
  "seed": 3,
  "config": {
    "epochs": 30,
    "batch_size": 128,
    "learning_rate": 0.001,
    "weight_decay": 0.0001,
    "patience": 10,
    "ensemble_size": 10,
    "hidden_dim": 128,
    "dropout": 0.2,
    "label_smoothing": 0.0,
    "num_workers": 0,
    "seeds": [
      0,
      1,
      2,
      3,
      4,
      5,
      6,
      7,
      8,
      9
    ]
  },
  "train_loss": [
    0.7492313513159752,
    0.1319000343233347,
    0.05126331830397248,
    0.03510617361404002,
    0.015727486375253646,
    0.012011785588692874,
    0.006402775281458162,
    0.007110304792877287,
    0.0024488381468108856,
    0.0023674166708951816,
    0.0009322745649842546,
    0.0003866651897260454,
    0.0007318274534191004,
    0.005272563687176443,
    0.013174567783717067,
    0.017682850267738102,
    0.009216855278937145,
    0.011005355294328183,
    0.007871867513895268
  ],
  "val_loss": [
    0.2970028176205233,
    0.08066649356624112,
    0.08256632287520915,
    0.06499465729575604,
    0.07005096574721392,
    0.05029059076332487,
    0.1014343968090543,
    0.04587771958904341,
    0.03508901363238692,
    0.041928014888981124,
    0.0490394095377269,
    0.04482102191832382,
    0.04097722343431087,
    0.06551383528858423,
    0.05463335145032033,
    0.07003541715675965,
    0.0696249493630603,
    0.0512876694847364,
    0.04389065965733607
  ],
  "val_accuracy": [
    0.9381898454746137,
    0.9724061810154525,
    0.9757174392935982,
    0.9724061810154525,
    0.977924944812362,
    0.9823399558498896,
    0.9757174392935982,
    0.9812362030905077,
    0.9845474613686535,
    0.9823399558498896,
    0.9856512141280354,
    0.9867549668874173,
    0.9856512141280354,
    0.9801324503311258,
    0.9790286975717439,
    0.977924944812362,
    0.9757174392935982,
    0.9834437086092715,
    0.9834437086092715
  ]
}