{
  "seed": 7,
  "config": {
    "epochs": 30,
    "batch_size": 128,
    "learning_rate": 0.001,
    "weight_decay": 0.0001,
    "patience": 10,
    "ensemble_size": 10,
    "hidden_dim": 128,
    "dropout": 0.2,
    "label_smoothing": 0.0,
    "num_workers": 0,
    "seeds": [
      0,
      1,
      2,
      3,
      4,
      5,
      6,
      7,
      8,
      9
    ]
  },
  "train_loss": [
    0.790867250263691,
    0.1264271292835474,
    0.05782181475311518,
    0.023822003062814474,
    0.01084088881732896,
    0.008023592734243721,
    0.008529373346245848,
    0.007532814800506458,
    0.008109338305657729,
    0.010034770342172124,
    0.014883876193780452,
    0.007046663378132507,
    0.0030020606618199963,
    0.0021329713374871064,
    0.003350837064208463,
    0.00069175047436147,
    0.00028499715826910685,
    0.000204094846467342,
    0.000122251079956186,
    9.838331603532424e-05,
    0.00010549141275987494,
    0.00013040235953667433,
    0.00013659018692123936,
    0.00017287661634327378,
    0.00019371572820091386,
    0.00019749762846913655,
    0.00022725815302692353,
    0.0018917029832664412,
    0.0070629549090517685,
    0.023506024808157236
  ],
  "val_loss": [
    0.2257993589155376,
    0.14394902111962438,
    0.0964096948155202,
    0.05847195885144174,
    0.06642182591167511,
    0.05123567607370205,
    0.08230565907433629,
    0.1460438831418287,
    0.04903196555096656,
    0.0575832728354726,
    0.07002124236896634,
    0.04270769518916495,
    0.04159785014780937,
    0.07134115294320509,
    0.038731670269044116,
    0.045543720756541006,
    0.04119523706503969,
    0.03876511698763352,
    0.03471805252775084,
    0.03366653321427293,
    0.034900386483059265,
    0.03451916770427488,
    0.03362953613395803,
    0.03294879852910526,
    0.03553976267721737,
    0.03167464607395232,
    0.03547696428722702,
    0.05590319784823805,
    0.09073257236741483,
    0.09098551861825399
  ],
  "val_accuracy": [
    0.9381898454746137,
    0.9591611479028698,
    0.9690949227373068,
    0.9790286975717439,
    0.9790286975717439,
    0.9823399558498896,
    0.9746136865342163,
    0.9713024282560706,
    0.9834437086092715,
    0.9812362030905077,
    0.9845474613686535,
    0.9878587196467992,
    0.9889624724061811,
    0.9812362030905077,
    0.9889624724061811,
    0.9889624724061811,
    0.9900662251655629,
    0.9911699779249448,
    0.9911699779249448,
    0.9911699779249448,
    0.9911699779249448,
    0.9911699779249448,
    0.9922737306843267,
    0.9900662251655629,
    0.9878587196467992,
    0.9911699779249448,
    0.9911699779249448,
    0.9812362030905077,
    0.9735099337748344,
    0.9790286975717439
  ]
}