{
  "seed": 1,
  "config": {
    "epochs": 30,
    "batch_size": 128,
    "learning_rate": 0.001,
    "weight_decay": 0.0001,
    "patience": 10,
    "ensemble_size": 10,
    "hidden_dim": 128,
    "dropout": 0.2,
    "label_smoothing": 0.0,
    "num_workers": 0,
    "seeds": [
      0,
      1,
      2,
      3,
      4,
      5,
      6,
      7,
      8,
      9
    ]
  },
  "train_loss": [
    0.6602651527523995,
    0.08854667384177446,
    0.0446933657489717,
    0.02238044732250273,
    0.016573796207085253,
    0.011857731512282043,
    0.003379050971707329,
    0.002315374112513382,
    0.004908700304513331,
    0.004759981266106479,
    0.0006707937712781131,
    0.0003887712341384031,
    0.001307928577734856,
    0.005266809612512588,
    0.010114355800906196,
    0.01767141588963568,
    0.017606215468840673,
    0.007939152767066844,
    0.0034876536367664814,
    0.004722372356554843,
    0.0017154555294837336,
    0.000729932548274519,
    0.00011609514804149512,
    0.000124691768323828,
    0.00011460993518994656,
    8.138042569044045e-05,
    9.372558666655095e-05,
    0.00010073088920762529,
    0.00010462594153068494,
    0.00012648383504711093
  ],
  "val_loss": [
    0.171385757625103,
    0.08048854838125408,
    0.13332942326087505,
    0.07082541502313688,
    0.07160784622828942,
    0.0585832498036325,
    0.046263053445727564,
    0.051398779498413205,
    0.04586528392974287,
    0.05065371336240787,
    0.050938345171744004,
    0.04430669434077572,
    0.06267320024198852,
    0.09785503185412381,
    0.07463955876301043,
    0.04686696449061856,
    0.08321688300929964,
    0.039429951895726845,
    0.038270785691565834,
    0.03156992243748391,
    0.03174193938320968,
    0.02649487945745932,
    0.026145920511225995,
    0.02465538294381986,
    0.025510487996143638,
    0.02563033172282303,
    0.025216125746737816,
    0.02509530986480968,
    0.025609363099647453,
    0.025928330457645643
  ],
  "val_accuracy": [
    0.9536423841059603,
    0.9735099337748344,
    0.9690949227373068,
    0.9735099337748344,
    0.9834437086092715,
    0.9823399558498896,
    0.9867549668874173,
    0.9867549668874173,
    0.9834437086092715,
    0.9812362030905077,
    0.9834437086092715,
    0.9834437086092715,
    0.9834437086092715,
    0.9724061810154525,
    0.9790286975717439,
    0.9812362030905077,
    0.9768211920529801,
    0.9889624724061811,
    0.9867549668874173,
    0.9900662251655629,
    0.9889624724061811,
    0.9911699779249448,
    0.9900662251655629,
    0.9900662251655629,
    0.9900662251655629,
    0.9900662251655629,
    0.9900662251655629,
    0.9900662251655629,
    0.9911699779249448,
    0.9900662251655629
  ]
}