{
  "seed": 4,
  "config": {
    "epochs": 30,
    "batch_size": 128,
    "learning_rate": 0.001,
    "weight_decay": 0.0001,
    "patience": 10,
    "ensemble_size": 10,
    "hidden_dim": 128,
    "dropout": 0.2,
    "label_smoothing": 0.0,
    "num_workers": 0,
    "seeds": [
      0,
      1,
      2,
      3,
      4,
      5,
      6,
      7,
      8,
      9
    ]
  },
  "train_loss": [
    0.7110460677742958,
    0.12128319941461087,
    0.046012370754033326,
    0.021203535832464693,
    0.014985011748503894,
    0.01056515987496823,
    0.004698805530788377,
    0.009806666354415938,
    0.0023310826299712062,
    0.0015538385574473067,
    0.005362511281855404,
    0.009430454083485529,
    0.0030018706404371185,
    0.00046859777066856625,
    0.0033570044455700555,
    0.0023282844935602043,
    0.009361679438734427,
    0.013069427632726728
  ],
  "val_loss": [
    0.19394763477612287,
    0.09889134050172288,
    0.09480789786903188,
    0.07536270903074183,
    0.08030324365245178,
    0.0659853828838095,
    0.09525816180394031,
    0.042211489751935005,
    0.05138163121591788,
    0.07144669807166792,
    0.05516106118011521,
    0.0876178159378469,
    0.06902339827502146,
    0.07070474803913385,
    0.07080463631427847,
    0.05629918695194647,
    0.0694261848111637,
    0.045879391065682285
  ],
  "val_accuracy": [
    0.9337748344370861,
    0.9657836644591612,
    0.9690949227373068,
    0.9746136865342163,
    0.9790286975717439,
    0.9768211920529801,
    0.9768211920529801,
    0.9812362030905077,
    0.9834437086092715,
    0.9812362030905077,
    0.9878587196467992,
    0.9757174392935982,
    0.9834437086092715,
    0.9823399558498896,
    0.9856512141280354,
    0.9845474613686535,
    0.9801324503311258,
    0.9845474613686535
  ]
}