{
  "seed": 2,
  "config": {
    "epochs": 30,
    "batch_size": 128,
    "learning_rate": 0.001,
    "weight_decay": 0.0001,
    "patience": 10,
    "ensemble_size": 10,
    "hidden_dim": 128,
    "dropout": 0.2,
    "label_smoothing": 0.0,
    "num_workers": 0,
    "seeds": [
      0,
      1,
      2,
      3,
      4,
      5,
      6,
      7,
      8,
      9
    ]
  },
  "train_loss": [
    0.6331145040690899,
    0.08973653595894575,
    0.03316171651706099,
    0.013410914263222367,
    0.00859216068580281,
    0.007253647266770713,
    0.00569929410587065,
    0.0013111838547047228,
    0.003397888094186783,
    0.0034151877573458476,
    0.008398106762906537,
    0.012912533331546001,
    0.008609684459515847,
    0.005802303443197161
  ],
  "val_loss": [
    0.19897101941751316,
    0.11668335774447769,
    0.11094670149032027,
    0.05801032163435593,
    0.06607144954614341,
    0.06219898583367467,
    0.058341353898867965,
    0.11688374122604728,
    0.08436500267998781,
    0.08170565869659185,
    0.06367431045509875,
    0.09748191828839481,
    0.06014345563016832,
    0.09390023304149508
  ],
  "val_accuracy": [
    0.9503311258278145,
    0.9690949227373068,
    0.9701986754966887,
    0.9812362030905077,
    0.9801324503311258,
    0.977924944812362,
    0.9790286975717439,
    0.9735099337748344,
    0.9812362030905077,
    0.9812362030905077,
    0.9790286975717439,
    0.9690949227373068,
    0.9790286975717439,
    0.9757174392935982
  ]
}