{
  "seed": 6,
  "config": {
    "epochs": 30,
    "batch_size": 128,
    "learning_rate": 0.001,
    "weight_decay": 0.0001,
    "patience": 10,
    "ensemble_size": 10,
    "hidden_dim": 128,
    "dropout": 0.2,
    "label_smoothing": 0.0,
    "num_workers": 0,
    "seeds": [
      0,
      1,
      2,
      3,
      4,
      5,
      6,
      7,
      8,
      9
    ]
  },
  "train_loss": [
    0.9230402100086212,
    0.1432938049733639,
    0.060423927139490845,
    0.03008370369672775,
    0.02086211060639471,
    0.009829880143515766,
    0.016927000168943777,
    0.005520140652079135,
    0.0028374609840102496,
    0.0010560922312288312,
    0.0008748427095270017,
    0.0009826378390425817,
    0.0015914386331132846,
    0.008227916262112557,
    0.01709318590350449,
    0.010489820815855637,
    0.008258435979369096,
    0.003363655786670279,
    0.0008626027809077641,
    0.00019574577443563613,
    0.00040363827999044587
  ],
  "val_loss": [
    0.21586011559702456,
    0.16988321539247409,
    0.1039566689869389,
    0.07404896762454882,
    0.07578953984193504,
    0.08952355547808111,
    0.08214178349589929,
    0.07399075373541564,
    0.07477177086548181,
    0.06253137283783872,
    0.059624172834446654,
    0.06775747245410457,
    0.07317170954775065,
    0.143801273254212,
    0.09327945508994162,
    0.09726762093487196,
    0.07468726650404278,
    0.08389923123195331,
    0.07629931333985951,
    0.06762946671369718,
    0.0715444561210461
  ],
  "val_accuracy": [
    0.9415011037527594,
    0.9602649006622517,
    0.9724061810154525,
    0.9746136865342163,
    0.9768211920529801,
    0.9812362030905077,
    0.9690949227373068,
    0.9845474613686535,
    0.9801324503311258,
    0.9911699779249448,
    0.9889624724061811,
    0.9867549668874173,
    0.9790286975717439,
    0.9735099337748344,
    0.9801324503311258,
    0.9790286975717439,
    0.9790286975717439,
    0.9812362030905077,
    0.9889624724061811,
    0.9889624724061811,
    0.9867549668874173
  ]
}