{
  "seed": 0,
  "config": {
    "epochs": 30,
    "batch_size": 128,
    "learning_rate": 0.001,
    "weight_decay": 0.0001,
    "patience": 10,
    "ensemble_size": 10,
    "hidden_dim": 128,
    "dropout": 0.2,
    "label_smoothing": 0.0,
    "num_workers": 0,
    "seeds": [
      0,
      1,
      2,
      3,
      4,
      5,
      6,
      7,
      8,
      9
    ]
  },
  "train_loss": [
    0.7201981158554553,
    0.11114613711833954,
    0.04700665708631277,
    0.02689194578677416,
    0.015232418337836862,
    0.0043859998480184,
    0.0038436402584193273,
    0.0032121273479424417,
    0.0009503507730551065,
    0.00043854211377038156,
    0.000439479421111173,
    0.0003327765595167875,
    0.0003492421569535509,
    0.0006729394919238984,
    0.0006656270569510525,
    0.01379764412966324,
    0.037991427341476085,
    0.018087001503445208,
    0.013051249618874862,
    0.00318934762122808,
    0.00404544146367698,
    0.00420127867924748,
    0.0014530811083022855,
    0.0008664573100031703,
    0.0006853265540848951,
    0.001790789196602418,
    0.00031696252000983804,
    0.0002829508186550811,
    0.00017163691874884533,
    0.00010564472982878215
  ],
  "val_loss": [
    0.2326978794299066,
    0.10322431568056345,
    0.06399692221020814,
    0.09437493118457496,
    0.045777591920341365,
    0.048786047264002264,
    0.05780710553517565,
    0.046125983106321655,
    0.04345792990352493,
    0.041220227256417274,
    0.0456837711535627,
    0.0407235547027085,
    0.05379222214105539,
    0.04825855192029849,
    0.05738246988039464,
    0.06026609848777298,
    0.06704627448925748,
    0.08325796737335622,
    0.06938619550783187,
    0.05826527258614078,
    0.04064451440899575,
    0.056405641575111076,
    0.06103544751385925,
    0.05334210362207159,
    0.04358701152523281,
    0.03569638199383007,
    0.043478054037223046,
    0.038014373351870745,
    0.03699269851495046,
    0.032577114303421695
  ],
  "val_accuracy": [
    0.9481236203090507,
    0.9613686534216336,
    0.9834437086092715,
    0.9635761589403974,
    0.9812362030905077,
    0.9801324503311258,
    0.9768211920529801,
    0.9845474613686535,
    0.9823399558498896,
    0.9845474613686535,
    0.9845474613686535,
    0.9845474613686535,
    0.9812362030905077,
    0.9790286975717439,
    0.9845474613686535,
    0.9823399558498896,
    0.9757174392935982,
    0.9724061810154525,
    0.9790286975717439,
    0.9812362030905077,
    0.9867549668874173,
    0.9801324503311258,
    0.9812362030905077,
    0.9801324503311258,
    0.9845474613686535,
    0.9856512141280354,
    0.9878587196467992,
    0.9889624724061811,
    0.9867549668874173,
    0.9878587196467992
  ]
}