{
  "seed": 2,
  "config": {
    "epochs": 30,
    "batch_size": 128,
    "learning_rate": 0.001,
    "weight_decay": 0.0001,
    "patience": 10,
    "ensemble_size": 10,
    "hidden_dim": 128,
    "dropout": 0.2,
    "label_smoothing": 0.0,
    "num_workers": 0,
    "seeds": [
      0,
      1,
      2,
      3,
      4,
      5,
      6,
      7,
      8,
      9
    ]
  },
  "train_loss": [
    0.3976872135698795,
    0.05301101753488183,
    0.015081026332918555,
    0.013918154439888895,
    0.01647928049089387,
    0.013165462836623192,
    0.00767516250081826,
    0.00699253782251617,
    0.005867154237348586,
    0.0014222512227570405,
    0.005330582507594954,
    0.007798149683658266
  ],
  "val_loss": [
    0.12298012478277087,
    0.05902519915252924,
    0.11276859175995924,
    0.07806722592795268,
    0.10355116776190698,
    0.08154367213137448,
    0.13584203082427848,
    0.07381297313258983,
    0.09361521067694412,
    0.10936621524888324,
    0.13025434812152525,
    0.15433938878777553
  ],
  "val_accuracy": [
    0.9724061810154525,
    0.9812362030905077,
    0.9724061810154525,
    0.977924944812362,
    0.9668874172185431,
    0.9790286975717439,
    0.9768211920529801,
    0.9768211920529801,
    0.9768211920529801,
    0.9768211920529801,
    0.977924944812362,
    0.9724061810154525
  ]
}