{
  "seeds": [
    0,
    1,
    2,
    3,
    4,
    5,
    6,
    7,
    8,
    9
  ],
  "temperatures": [
    1.2658555507659912,
    1.9605941772460938,
    1.2062667608261108,
    1.4727239608764648,
    1.4506884813308716,
    1.5520867109298706,
    1.0921913385391235,
    1.57186758518219,
    1.6141771078109741,
    1.178059697151184
  ]
}