{
  "seed": 7,
  "config": {
    "epochs": 30,
    "batch_size": 128,
    "learning_rate": 0.001,
    "weight_decay": 0.0001,
    "patience": 10,
    "ensemble_size": 10,
    "hidden_dim": 128,
    "dropout": 0.2,
    "label_smoothing": 0.0,
    "num_workers": 0,
    "seeds": [
      0,
      1,
      2,
      3,
      4,
      5,
      6,
      7,
      8,
      9
    ]
  },
  "train_loss": [
    0.43345767561346293,
    0.03958088172599673,
    0.017190211997367442,
    0.009160088635981082,
    0.00810255647811573,
    0.00691484894399764,
    0.020523338179918936,
    0.01694123071618378,
    0.012981720137759112,
    0.004277774409565609,
    0.002057492338353768,
    0.004555195437787916,
    0.0032210318842408013,
    0.01423028072109446,
    0.009269597374077421,
    0.0044561942095606355,
    0.0012655359227574082,
    0.0013555292162891418,
    0.0035491554809414082
  ],
  "val_loss": [
    0.07969705434516072,
    0.09901531945797615,
    0.08168640498479363,
    0.07091992039931938,
    0.07878948836878408,
    0.11672321097285021,
    0.07357894902816042,
    0.07733760647533927,
    0.06384552278905176,
    0.11582298715075012,
    0.08414774047560059,
    0.08258704718900844,
    0.08761234062694712,
    0.09731280978303403,
    0.17234558754717,
    0.07022574974007512,
    0.07522582392266486,
    0.07399032488910962,
    0.09309313204721548
  ],
  "val_accuracy": [
    0.9746136865342163,
    0.9790286975717439,
    0.9735099337748344,
    0.977924944812362,
    0.9757174392935982,
    0.9757174392935982,
    0.9768211920529801,
    0.9790286975717439,
    0.9735099337748344,
    0.9812362030905077,
    0.9790286975717439,
    0.9801324503311258,
    0.9790286975717439,
    0.9701986754966887,
    0.9724061810154525,
    0.9834437086092715,
    0.9823399558498896,
    0.9823399558498896,
    0.9845474613686535
  ]
}