{
  "seed": 5,
  "config": {
    "epochs": 30,
    "batch_size": 128,
    "learning_rate": 0.001,
    "weight_decay": 0.0001,
    "patience": 10,
    "ensemble_size": 10,
    "hidden_dim": 128,
    "dropout": 0.2,
    "label_smoothing": 0.0,
    "num_workers": 0,
    "seeds": [
      0,
      1,
      2,
      3,
      4,
      5,
      6,
      7,
      8,
      9
    ]
  },
  "train_loss": [
    0.3893502510339022,
    0.04871498093940318,
    0.01699166539357975,
    0.00672667127859313,
    0.008112421418773011,
    0.003484658263041638,
    0.006730295009328984,
    0.004578414312854875,
    0.0004991907194198575,
    0.00012600980291608722,
    0.0001240798553226341,
    9.237265356205172e-05,
    0.00010765051767521072
  ],
  "val_loss": [
    0.1778312809765339,
    0.10425363259855658,
    0.07426636337913806,
    0.08474876453692559,
    0.0902559093774471,
    0.12335391111628269,
    0.09346664816439443,
    0.07842141323999385,
    0.08622349520192074,
    0.07655382210850803,
    0.07654650139238584,
    0.07586085426555655,
    0.07889717090074555
  ],
  "val_accuracy": [
    0.9514348785871964,
    0.9746136865342163,
    0.977924944812362,
    0.9768211920529801,
    0.977924944812362,
    0.9724061810154525,
    0.977924944812362,
    0.977924944812362,
    0.9790286975717439,
    0.9801324503311258,
    0.9790286975717439,
    0.9768211920529801,
    0.977924944812362
  ]
}