{
  "seed": 6,
  "config": {
    "epochs": 30,
    "batch_size": 128,
    "learning_rate": 0.001,
    "weight_decay": 0.0001,
    "patience": 10,
    "ensemble_size": 10,
    "hidden_dim": 128,
    "dropout": 0.2,
    "label_smoothing": 0.0,
    "num_workers": 0,
    "seeds": [
      0,
      1,
      2,
      3,
      4,
      5,
      6,
      7,
      8,
      9
    ]
  },
  "train_loss": [
    0.44347317270934583,
    0.04488855702802539,
    0.02064150829333812,
    0.015522213759832084,
    0.007417726599378512,
    0.011239019666681997,
    0.015199361767154187,
    0.02210479419794865,
    0.005058137740124948,
    0.00656306448916439,
    0.0050473721367598045,
    0.005788252723723417
  ],
  "val_loss": [
    0.09453991882037371,
    0.0664681006455794,
    0.07875860931380885,
    0.1171562698436901,
    0.09087958839518251,
    0.07809415935480502,
    0.09293557123601204,
    0.1089775090222247,
    0.10630968946497887,
    0.10090376692824066,
    0.06692692315846216,
    0.07551619998412207
  ],
  "val_accuracy": [
    0.9735099337748344,
    0.977924944812362,
    0.9735099337748344,
    0.9713024282560706,
    0.977924944812362,
    0.9823399558498896,
    0.977924944812362,
    0.9757174392935982,
    0.9746136865342163,
    0.9812362030905077,
    0.9812362030905077,
    0.977924944812362
  ]
}