{
  "seed": 9,
  "config": {
    "epochs": 30,
    "batch_size": 128,
    "learning_rate": 0.001,
    "weight_decay": 0.0001,
    "patience": 10,
    "ensemble_size": 10,
    "hidden_dim": 128,
    "dropout": 0.2,
    "label_smoothing": 0.0,
    "num_workers": 0,
    "seeds": [
      0,
      1,
      2,
      3,
      4,
      5,
      6,
      7,
      8,
      9
    ]
  },
  "train_loss": [
    0.5095509366691112,
    0.056233735624700784,
    0.024523962205275893,
    0.014771444021025672,
    0.011984970398480073,
    0.009129278938053176,
    0.0038357696039020084,
    0.007502932575589511,
    0.008473249757953454,
    0.0040581865602871406,
    0.011025891939498251,
    0.0077865407982608305
  ],
  "val_loss": [
    0.11749287717975676,
    0.07429048340418376,
    0.0802389231394045,
    0.13318061587051488,
    0.12126717140199617,
    0.12617154586769175,
    0.11595302812202135,
    0.09299680072581396,
    0.10999348119366914,
    0.09395983051945223,
    0.11196979083979386,
    0.1460701656906167
  ],
  "val_accuracy": [
    0.9657836644591612,
    0.9746136865342163,
    0.9768211920529801,
    0.9701986754966887,
    0.9724061810154525,
    0.9790286975717439,
    0.9757174392935982,
    0.9746136865342163,
    0.9746136865342163,
    0.9845474613686535,
    0.9713024282560706,
    0.9713024282560706
  ]
}