{
  "seed": 8,
  "config": {
    "epochs": 30,
    "batch_size": 128,
    "learning_rate": 0.001,
    "weight_decay": 0.0001,
    "patience": 10,
    "ensemble_size": 10,
    "hidden_dim": 128,
    "dropout": 0.2,
    "label_smoothing": 0.0,
    "num_workers": 0,
    "seeds": [
      0,
      1,
      2,
      3,
      4,
      5,
      6,
      7,
      8,
      9
    ]
  },
  "train_loss": [
    0.3812316791713238,
    0.042715027295053005,
    0.027105846661143004,
    0.011572011023527012,
    0.00667656040575821,
    0.02155728415818885,
    0.007636112620675703,
    0.0075772233767202124,
    0.002548364106187364,
    0.006955886615505733,
    0.015116081803280395,
    0.006917081131832674,
    0.010515625745465513,
    0.00985169769381173,
    0.008716626934547094
  ],
  "val_loss": [
    0.10965755162760615,
    0.12087041570339352,
    0.11389333091210574,
    0.14490596484392881,
    0.07284544256981462,
    0.23725528371869586,
    0.08011249615810812,
    0.08327059115981683,
    0.1322893290198408,
    0.21247084077913314,
    0.11466826545074582,
    0.0945564485155046,
    0.19306859979406,
    0.12472193175926805,
    0.11100811188225634
  ],
  "val_accuracy": [
    0.9757174392935982,
    0.9746136865342163,
    0.977924944812362,
    0.977924944812362,
    0.977924944812362,
    0.9768211920529801,
    0.9790286975717439,
    0.9801324503311258,
    0.9790286975717439,
    0.9657836644591612,
    0.9746136865342163,
    0.9757174392935982,
    0.9679911699779249,
    0.9724061810154525,
    0.9713024282560706
  ]
}