{
  "seed": 3,
  "config": {
    "epochs": 30,
    "batch_size": 128,
    "learning_rate": 0.001,
    "weight_decay": 0.0001,
    "patience": 10,
    "ensemble_size": 10,
    "hidden_dim": 128,
    "dropout": 0.2,
    "label_smoothing": 0.0,
    "num_workers": 0,
    "seeds": [
      0,
      1,
      2,
      3,
      4,
      5,
      6,
      7,
      8,
      9
    ]
  },
  "train_loss": [
    0.4865442171692848,
    0.05583610016852617,
    0.024094747360795737,
    0.01493165775667876,
    0.004225168756674975,
    0.006491026649309788,
    0.009520714292302728,
    0.0035216779590700755,
    0.0034919690585229544,
    0.00569128814022406,
    0.007205551107181236,
    0.002474245284392964,
    0.00783825007820269,
    0.009886412532650865
  ],
  "val_loss": [
    0.1522041573189199,
    0.0766072889091447,
    0.076691591180861,
    0.04763107833423419,
    0.13899656891589984,
    0.05456479870190378,
    0.07100906496634707,
    0.052626758377300575,
    0.06529864036565414,
    0.09433135719154961,
    0.10477369335421827,
    0.0818668227748276,
    0.0920511573785916,
    0.13124990556389093
  ],
  "val_accuracy": [
    0.9470198675496688,
    0.9713024282560706,
    0.9768211920529801,
    0.9867549668874173,
    0.9746136865342163,
    0.9856512141280354,
    0.9790286975717439,
    0.9834437086092715,
    0.9801324503311258,
    0.9701986754966887,
    0.9768211920529801,
    0.977924944812362,
    0.9746136865342163,
    0.9713024282560706
  ]
}