{
  "seed": 4,
  "config": {
    "epochs": 30,
    "batch_size": 128,
    "learning_rate": 0.001,
    "weight_decay": 0.0001,
    "patience": 10,
    "ensemble_size": 10,
    "hidden_dim": 128,
    "dropout": 0.2,
    "label_smoothing": 0.0,
    "num_workers": 0,
    "seeds": [
      0,
      1,
      2,
      3,
      4,
      5,
      6,
      7,
      8,
      9
    ]
  },
  "train_loss": [
    0.4633468935638666,
    0.057625431753695014,
    0.02286572670796886,
    0.011800451918970794,
    0.0071618856175336984,
    0.013922984172822908,
    0.006689129138248972,
    0.003364630636642687,
    0.001161421114957193,
    0.0090351118081162,
    0.020124618583358823,
    0.018790353829972448,
    0.011788532646605746,
    0.015916810699854976
  ],
  "val_loss": [
    0.1132355984300375,
    0.08301851281430572,
    0.0899895072216168,
    0.07684307498857379,
    0.08424578490667045,
    0.08557092363480479,
    0.1697478162823245,
    0.09093324757850496,
    0.089352263166802,
    0.14071816038631368,
    0.12587051176524255,
    0.13804426754359156,
    0.10646838413231308,
    0.13442424315508106
  ],
  "val_accuracy": [
    0.9591611479028698,
    0.9757174392935982,
    0.9690949227373068,
    0.9768211920529801,
    0.9801324503311258,
    0.9790286975717439,
    0.9591611479028698,
    0.9801324503311258,
    0.9812362030905077,
    0.9746136865342163,
    0.9624724061810155,
    0.9635761589403974,
    0.977924944812362,
    0.9768211920529801
  ]
}