{
  "seed": 1,
  "config": {
    "epochs": 30,
    "batch_size": 128,
    "learning_rate": 0.001,
    "weight_decay": 0.0001,
    "patience": 10,
    "ensemble_size": 10,
    "hidden_dim": 128,
    "dropout": 0.2,
    "label_smoothing": 0.0,
    "num_workers": 0,
    "seeds": [
      0,
      1,
      2,
      3,
      4,
      5,
      6,
      7,
      8,
      9
    ]
  },
  "train_loss": [
    0.3932746399194002,
    0.05202372848521918,
    0.01859526997432113,
    0.01282215136452578,
    0.007964635209355038,
    0.009840264964150264,
    0.005337197734043002,
    0.008676668979460374,
    0.003909218203043565,
    0.0018740539248392452,
    0.0009644446222955593,
    0.0017427965590468375,
    0.015834873898566002,
    0.025582556766457855,
    0.013994658861192874,
    0.014329127505770884,
    0.014462041199440136,
    0.007978190084068047,
    0.0007988814820600965,
    0.0002989174149752216
  ],
  "val_loss": [
    0.12394993932684883,
    0.07031652115983889,
    0.07597753324080259,
    0.06299323149141856,
    0.06580821715760976,
    0.07660575868794695,
    0.10735371193732135,
    0.07045935542555526,
    0.09242479203385301,
    0.06100358674302697,
    0.10437440449095448,
    0.07053275589169061,
    0.08483074264950119,
    0.10425810294691473,
    0.10146828717552125,
    0.13743038329994306,
    0.11610761113115586,
    0.08765217076870613,
    0.0881968801622861,
    0.09742117058340227
  ],
  "val_accuracy": [
    0.9724061810154525,
    0.9757174392935982,
    0.9790286975717439,
    0.9812362030905077,
    0.9801324503311258,
    0.977924944812362,
    0.9801324503311258,
    0.9746136865342163,
    0.9735099337748344,
    0.9834437086092715,
    0.9812362030905077,
    0.9845474613686535,
    0.9768211920529801,
    0.9713024282560706,
    0.9724061810154525,
    0.9735099337748344,
    0.9690949227373068,
    0.9746136865342163,
    0.9801324503311258,
    0.9801324503311258
  ]
}