{
  "seed": 0,
  "config": {
    "epochs": 30,
    "batch_size": 128,
    "learning_rate": 0.001,
    "weight_decay": 0.0001,
    "patience": 10,
    "ensemble_size": 10,
    "hidden_dim": 128,
    "dropout": 0.2,
    "label_smoothing": 0.0,
    "num_workers": 0,
    "seeds": [
      0,
      1,
      2,
      3,
      4,
      5,
      6,
      7,
      8,
      9
    ]
  },
  "train_loss": [
    0.3820158622413874,
    0.04267087811604142,
    0.026637231493368746,
    0.013184428989188746,
    0.011898813088191674,
    0.009121117017639336,
    0.006392002223874442,
    0.010214494030806235,
    0.011462660600082018,
    0.005539211783034261,
    0.005201130572531838,
    0.0053876298505201705,
    0.007277637900115224
  ],
  "val_loss": [
    0.12270174501463771,
    0.07879280531778932,
    0.06593089888338,
    0.09911170273699099,
    0.09203553409315646,
    0.07255898133735172,
    0.07814492577745114,
    0.08232437452534214,
    0.09026408498175442,
    0.10135272463958245,
    0.07555852713267086,
    0.10312091806554236,
    0.0866407012581476
  ],
  "val_accuracy": [
    0.9646799116997793,
    0.9735099337748344,
    0.9790286975717439,
    0.9746136865342163,
    0.9735099337748344,
    0.9757174392935982,
    0.9790286975717439,
    0.9757174392935982,
    0.9746136865342163,
    0.9746136865342163,
    0.9746136865342163,
    0.9701986754966887,
    0.977924944812362
  ]
}